{
  "fx": 616.741455078125,
  "fy": 616.919677734375,
  "cx": 324.817626953125,
  "cy": 238.0455780029297
}